name, len, rsq, spearman, slope, intercept
CHG_jobs/astex_1gm8,10,0.529143408415,-0.769696969697,-6.0921824737,3345.0096853
CHG_jobs/astex_1hnn,8,0.983161490953,-0.97619047619,-1.53515739664,2767.13513856
CHG_jobs/astex_1ia1,10,0.327882624468,-0.733333333333,-3.46568231157,4312.49190401
CHG_jobs/astex_1ig3,10,0.588650734101,-0.660606060606,-1.62689889594,3787.03734345
CHG_jobs/astex_1j3j,10,0.24686851726,-0.454545454545,-0.563655931684,3379.43355336
CHG_jobs/astex_1jd0,10,0.223355164781,-0.321212121212,-2.60105162138,1485.69229691
CHG_jobs/astex_1l7f,10,0.763062254173,-0.854545454545,-2.92201730137,4878.96475258
CHG_jobs/astex_1lpz,10,0.666078878689,-0.757575757576,-10.1435982437,7683.08522626
CHG_jobs/astex_1mmv,10,0.554554265512,-0.490909090909,-0.317409584894,3322.93635149
CHG_jobs/astex_1mzc,10,0.648448915092,-0.612121212121,-2.40701488215,7806.3950305
CHG_jobs/astex_1n1m,10,0.940792516602,-0.6,-6.98595712588,3447.94977844
CHG_jobs/astex_1of6,10,0.173521029318,-0.236363636364,-1.85932898827,2622.73221021
CHG_jobs/astex_1oq5,8,0.206811000395,0.5,0.57535962484,4574.53413247
CHG_jobs/astex_1owe,10,0.0858859301905,-0.0545454545455,-4.08875335505,5096.65715745
CHG_jobs/astex_1oyt,10,0.272216696967,0.733333333333,4.53044536119,5751.70673412
CHG_jobs/astex_1p2y,10,0.748622168157,-0.163636363636,-0.81955953708,2837.2089775
CHG_jobs/astex_1pmn,10,0.365254039954,-0.515151515152,-0.952556384587,6970.59232202
CHG_jobs/astex_1q1g,10,0.0429307943311,-0.151515151515,-1.19866914998,3833.16456072
CHG_jobs/astex_1r1h,10,0.0135016103299,-0.175757575758,-0.186974173565,6030.09263843
CHG_jobs/astex_1s3v,10,0.274160027781,0.515151515152,6.52030385433,5344.50405898
CHG_jobs/astex_1sj0,10,0.0245157681951,-0.381818181818,-0.349133992377,6900.66136874
CHG_jobs/astex_1t46,10,0.455831685169,0.575757575758,1.1289524318,7436.8108977
CHG_jobs/astex_1tt1,10,0.446187560298,-0.890909090909,-2.26403834228,3010.91684131
CHG_jobs/astex_1uou,10,0.499954261142,-0.0666666666667,-11.0911136881,3634.26227197
CHG_jobs/astex_1vcj,10,0.488069978137,-0.527272727273,-1.1171001491,5400.10397475
CHG_jobs/astex_1y6b,10,0.229739153332,-0.466666666667,-1.10542231473,6619.16895625
CHG_jobs/astex_1ygc,10,0.0464416913787,-0.0181818181818,-0.146895738057,7186.27634735
CHG_jobs/astex_1ywr,10,0.481351308163,-0.127272727273,-0.586298330788,7246.03057241
CHG_jobs/astex_2bm2,10,0.123405831711,0.563636363636,0.849148219931,6504.67149257
CHG_jobs/omegacsd_ABXBPC,10,0.118026317433,-0.406060606061,-0.783613397533,4598.87294077
CHG_jobs/omegacsd_AURMIN,10,0.833050782497,-0.733333333333,-6.77321202746,5708.3728936
CHG_jobs/omegacsd_BAFJEX10,10,0.661105018372,0.357575757576,0.696245102041,3979.01721848
CHG_jobs/omegacsd_BATROD,10,0.00396799098705,0.212121212121,0.0862060583969,3172.70651012
CHG_jobs/omegacsd_BUSNIM,10,0.966005361285,-0.806060606061,-2.14722432626,4148.71891424
CHG_jobs/omegacsd_CAGXEN,10,0.820475413385,-0.866666666667,-8.17053813495,1412.37864555
CHG_jobs/omegacsd_CALLEG,10,0.447074117545,-0.745454545455,-3.10246164616,3762.07719241
CHG_jobs/omegacsd_CATXIE,10,0.0250211159295,-0.0545454545455,0.275423364069,4777.85433851
CHG_jobs/omegacsd_CIXTOS,10,0.896686052692,-0.890909090909,-1.34740301721,4374.20510716
CHG_jobs/omegacsd_CMPEPI,10,0.970687340632,-0.878787878788,-3.10953227604,4226.03292958
CHG_jobs/omegacsd_CYCLIZ10,10,0.491980178431,-0.551515151515,-2.27430514591,4991.87413531
CHG_jobs/omegacsd_DIPJAN10,10,0.710357746992,-0.757575757576,-0.866772590642,5155.91194938
CHG_jobs/omegacsd_DIZREJ,10,0.297794486365,0.333333333333,4.48641092654,3816.20394494
CHG_jobs/omegacsd_DIZWAK,10,0.176900378592,-0.539393939394,-4.70867264336,3976.6700566
CHG_jobs/omegacsd_DUZRAR,10,0.302808803307,-0.212121212121,-1.64980833542,5823.99857763
CHG_jobs/omegacsd_FAJVAN,10,0.790752426357,-0.939393939394,-1.27008342632,3861.12555738
CHG_jobs/omegacsd_FANRER,10,0.0222858507595,-0.127272727273,-1.03612178873,7069.96310564
CHG_jobs/omegacsd_FEKYEZ,10,0.594629653271,0.406060606061,21.4840939905,2515.94190994
CHG_jobs/omegacsd_FEVZUB,10,0.948089328053,-0.830303030303,-6.58841278805,5174.72012031
CHG_jobs/omegacsd_FOLYIO,10,0.165965342248,-0.163636363636,4.67568174301,5096.34675386
CHG_jobs/omegacsd_FOPMIG,10,0.101176838633,0.406060606061,3.46441891197,3844.41481308
CHG_jobs/omegacsd_FUPFIF,10,0.201507136321,-0.212121212121,-0.837104776891,4504.70167634
CHG_jobs/omegacsd_GALMOV,10,1.06817996651e-05,0.0787878787879,0.026801669495,4771.45990575
CHG_jobs/omegacsd_GEKWAU,10,0.140290126713,-0.333333333333,-0.569245311575,3616.99407609
CHG_jobs/omegacsd_HEPYAC,10,0.978046512712,0.890909090909,2.97907205373,5189.32575536
CHG_jobs/omegacsd_HEVJAT,10,0.159288569142,-0.272727272727,-9.72449096561,2315.19610581
CHG_jobs/omegacsd_JUBJOF,10,0.00281442595918,-0.2,-0.684832245119,3685.45860525
CHG_jobs/omegacsd_KEMHOZ,10,0.271067640989,-0.50303030303,-0.830400092326,4971.08207731
CHG_jobs/omegacsd_PEPHEX,10,0.931468392327,-0.684848484848,-2.44697036275,5255.16215404
CHG_jobs/omegacsd_PONXUL,10,0.853672111224,-0.69696969697,-1.79705354584,4999.96972145
CHG_jobs/omegacsd_SAGWOM,10,0.461818780682,-0.745454545455,-0.313584198903,3487.93492013
CHG_jobs/omegacsd_SAWZUL,10,0.124854719007,0.369696969697,2.49585530046,5110.3082792
CHG_jobs/omegacsd_SIHGIZ,10,0.639569997035,-0.781818181818,-0.561803516407,4567.23939137
CHG_jobs/omegacsd_SUKPET,10,0.236880769252,-0.563636363636,-3.40590519379,7049.82050865
CHG_jobs/omegacsd_TAZXAT,10,0.476916544395,-0.684848484848,-2.12281107487,5125.53211429
CHG_jobs/omegacsd_TEKBIU,10,0.000571177351681,-0.163636363636,0.266017461608,4607.98714369
CHG_jobs/omegacsd_VIMYUL,10,0.568460513932,-0.806060606061,-3.55950528698,5326.53475363
CHG_jobs/omegacsd_VURTOR,10,0.0433876867926,0.272727272727,2.11621042832,5313.33259297
CHG_jobs/omegacsd_WEBCOV,10,0.699932391626,-0.551515151515,-0.774311750616,4645.87633009
CHG_jobs/omegacsd_WIDDIW,10,0.0992015334254,0.309090909091,1.05578138657,4768.01699042
CHG_jobs/omegacsd_YAYDEH,10,0.0307243797712,-0.10303030303,-0.598831831005,4533.1760014
CHG_jobs/omegacsd_YIHJAA,10,0.0089565466153,-0.527272727273,-0.40325199855,5443.02421231
CHG_jobs/omegapdb_1g4s,10,0.606635267749,-0.745454545455,-3.47530743657,3801.50681744
CHG_jobs/omegapdb_1gj6,10,0.0523268962603,-0.00606060606061,1.38092156572,4743.29061679
CHG_jobs/omegapdb_1n2b,10,0.917708213608,-0.818181818182,-0.45794697529,2053.59593442
CHG_jobs/omegapdb_1nnk,10,0.911150356011,-0.939393939394,-1.05934391766,3083.93765656
CHG_jobs/omegapdb_1o2q,10,0.232918834088,-0.406060606061,-11.0837043737,5156.20387388
CHG_jobs/omegapdb_1o37,10,0.0536992245005,-0.333333333333,-1.43599232862,5923.99069012
CHG_jobs/omegapdb_1o3l,10,0.0019616970752,-0.175757575758,-0.296559175075,4356.39720497
CHG_jobs/omegapdb_1o3m,10,0.318989333523,-0.624242424242,-10.8943881856,2629.75966996
CHG_jobs/omegapdb_1pa9,10,0.267960596538,0.551515151515,3.38418602899,2737.76196772
CHG_jobs/omegapdb_1r4p,10,0.983446502766,-0.963636363636,-1.3951887174,2320.50363959
CHG_jobs/omegapdb_1rf6,10,0.910212133045,-0.490909090909,-13.2102534029,-69.6645832941
CHG_jobs/omegapdb_1w4l,10,0.0845178873207,-0.224242424242,-0.851978706137,8335.26229243
CHG_jobs/omegapdb_2aj8,10,0.324542111722,-0.175757575758,-1.00858344162,5373.79734017
CHG_jobs/omegapdb_2fm0,10,0.453552640248,-0.927272727273,-2.10257763811,5321.61678204
CHG_jobs/omegapdb_2j47,10,0.317649578873,0.0424242424242,-0.989954674031,5011.39036008
Neutral_jobs/astex_1g9v,10,0.0613100128768,-0.187878787879,-1.24129371675,5177.91332517
Neutral_jobs/astex_1gkc,10,0.934978595533,-0.890909090909,-1.25451266584,4862.27841153
Neutral_jobs/astex_1hp0,10,0.384156426089,-0.442424242424,-1.32891338212,3413.41818904
Neutral_jobs/astex_1hq2,10,0.56080011889,-0.345454545455,-1.06044797756,2466.93421747
Neutral_jobs/astex_1hvy,10,0.743566404934,-0.806060606061,-1.19548667355,5841.28800021
Neutral_jobs/astex_1hwi,10,0.138320163748,-0.272727272727,-0.631899973101,6182.91225952
Neutral_jobs/astex_1jje,10,0.578321663825,-0.515151515152,-1.75298963636,4599.92506456
Neutral_jobs/astex_1jla,10,0.990956861039,-0.842424242424,-0.646960590293,5723.81136073
Neutral_jobs/astex_1k3u,10,0.291277854503,-0.539393939394,-0.861810443241,3856.74123241
Neutral_jobs/astex_1ke5,10,0.244248500172,-0.29696969697,-2.74264536048,4156.91477911
Neutral_jobs/astex_1kzk,10,0.312823235308,-0.612121212121,-0.504538723482,8597.28083485
Neutral_jobs/astex_1l2s,10,0.684253569226,-0.842424242424,-17.6453763465,870.607398745
Neutral_jobs/astex_1lrh,10,0.149222299337,0.490909090909,0.466385955601,2903.59040757
Neutral_jobs/astex_1m2z,10,0.791641126609,-0.69696969697,-2.38396390969,5490.67497036
Neutral_jobs/astex_1meh,10,0.836797128652,-0.818181818182,-4.40650492445,3673.41508788
Neutral_jobs/astex_1n2j,10,0.560871771726,-0.369696969697,-1.50075310149,1890.7336429
Neutral_jobs/astex_1n2v,10,0.945454316029,-0.878787878788,-1.44555070397,2875.62727203
Neutral_jobs/astex_1n46,10,0.904470736047,-0.393939393939,-0.917045080617,5352.22310533
Neutral_jobs/astex_1nav,10,0.331421117916,-0.454545454545,-1.32881979711,4159.54640556
Neutral_jobs/astex_1of1,10,0.937209455454,-0.6,-1.35500736995,3456.35808917
Neutral_jobs/astex_1opk,7,0.31681780529,0.535714285714,4.64897906161,5354.59713815
Neutral_jobs/astex_1p62,10,0.0579428802567,-0.248484848485,-0.464829693929,2982.59444281
Neutral_jobs/astex_1q41,1,0.0,nan,nan,nan
Neutral_jobs/astex_1q4g,10,0.127690934836,0.284848484848,8.27082195156,4103.98047735
Neutral_jobs/astex_1r55,10,0.504844021236,-0.684848484848,-0.777791704878,5028.28523093
Neutral_jobs/astex_1r58,10,0.463515706937,-0.624242424242,-0.773630030556,4567.37865823
Neutral_jobs/astex_1r9o,10,0.378387383449,0.660606060606,4.15048272882,4074.45044161
Neutral_jobs/astex_1sg0,10,0.682049136932,-0.69696969697,-27.6178197642,1282.42324754
Neutral_jobs/astex_1sq5,10,0.661217613233,-0.769696969697,-0.882793784903,3016.68026036
Neutral_jobs/astex_1t40,8,0.950424843008,-0.904761904762,-1.18505033274,4170.54279972
Neutral_jobs/astex_1t9b,10,0.0502996762928,-0.393939393939,-0.340516119374,3767.56752076
Neutral_jobs/astex_1tow,10,0.240343113299,-0.321212121212,-2.43356638887,3887.53369724
Neutral_jobs/astex_1tz8,10,0.583331426246,0.818181818182,12.8694512773,5274.83495664
Neutral_jobs/astex_1u1c,10,0.775006934952,0.163636363636,1.21937825203,4201.59067027
Neutral_jobs/astex_1u4d,1,0.0,nan,nan,nan
Neutral_jobs/astex_1uml,10,0.803807084742,-0.939393939394,-0.83833024132,6767.06337652
Neutral_jobs/astex_1unl,8,0.028144271042,-0.0238095238095,0.136771293233,5631.0495729
Neutral_jobs/astex_1v0p,10,0.0308733241032,-0.151515151515,0.159926739097,6016.05251576
Neutral_jobs/astex_1v48,10,0.644635060296,-0.830303030303,-1.66976879657,3298.09249709
Neutral_jobs/astex_1v4s,10,0.554290530339,-0.684848484848,-1.06344456373,3965.48039597
Neutral_jobs/astex_1w1p,1,0.0,nan,nan,nan
Neutral_jobs/astex_1w2g,10,0.146615593692,-0.478787878788,-0.669192329227,3169.50980627
Neutral_jobs/astex_1xm6,10,0.343212364529,-0.563636363636,-1.44183105148,3860.38528084
Neutral_jobs/astex_1xoq,10,0.00949351747875,0.187878787879,0.168469699669,4509.33392671
Neutral_jobs/astex_1xoz,10,0.186735032991,0.272727272727,1.51175110593,5760.31337373
Neutral_jobs/astex_1yqy,10,0.990662571237,-0.987878787879,-0.845304856955,4170.32323663
Neutral_jobs/astex_1yvf,10,0.450863019829,-0.587878787879,-0.936337595618,5207.10858411
Neutral_jobs/astex_1z95,10,0.767459676756,0.854545454545,4.41423753124,6232.18291382
Neutral_jobs/astex_2br1,10,0.376051048351,-0.709090909091,-3.45121694846,5548.33925003
Neutral_jobs/astex_2bsm,10,0.0499658092544,-0.0181818181818,-1.00278201888,5024.02531495
Neutral_jobs/omegacsd_ABHYTZ,10,0.279637101244,-0.284848484848,-3.94632530736,3289.30276526
Neutral_jobs/omegacsd_ABIMAZ,10,0.0566044647965,0.0181818181818,0.737537454545,2892.27743037
Neutral_jobs/omegacsd_ABSBPP,10,0.776788876984,-0.624242424242,-1.3617717798,5916.1539794
Neutral_jobs/omegacsd_ABVPRO,10,0.208591446196,-0.381818181818,-7.81599648951,4657.18166396
Neutral_jobs/omegacsd_ABZNPS,10,0.476834665473,0.454545454545,0.890125767269,4155.04459985
Neutral_jobs/omegacsd_ACENHT,10,0.944891033719,-0.442424242424,-2.43084667968,3923.71747481
Neutral_jobs/omegacsd_ACPIXZ,10,0.363104050025,-0.333333333333,-8.7526422969,4501.30148894
Neutral_jobs/omegacsd_ACTHBZ,10,0.0530027500154,0.127272727273,-1.48609482099,4433.13318607
Neutral_jobs/omegacsd_ADPRTR,10,0.822260998357,-0.915151515152,-0.745332325601,5174.42863167
Neutral_jobs/omegacsd_AMOCMS10,10,0.891125518819,0.793939393939,1.06476759085,4035.93712965
Neutral_jobs/omegacsd_AMPDAM,10,0.318957269026,-0.806060606061,-5.04028219836,3231.3299403
Neutral_jobs/omegacsd_ANOPPS,10,0.0390145573329,0.127272727273,7.0728561594,3366.54270319
Neutral_jobs/omegacsd_ANTZOA,10,0.077969417364,-0.406060606061,-3.36737688388,4604.54176966
Neutral_jobs/omegacsd_ANTZOB,10,0.00390556152537,0.0545454545455,-0.530175194724,5351.4070433
Neutral_jobs/omegacsd_AOPCHY,10,0.140023323804,-0.369696969697,-3.15541049381,5373.90637987
Neutral_jobs/omegacsd_APRTAM,10,0.913364464198,-0.915151515152,-0.980277685347,4711.69220185
Neutral_jobs/omegacsd_AZLNPR,10,0.340608742989,-0.527272727273,-0.98018422233,3968.61281481
Neutral_jobs/omegacsd_BAFREF,10,0.847283278661,-0.842424242424,-1.1953435763,2718.93600347
Neutral_jobs/omegacsd_BAFYOW,10,0.0527065858065,-0.139393939394,-0.771726692557,4577.4298437
Neutral_jobs/omegacsd_BAJZOB10,10,0.290717017251,-0.515151515152,-0.266642539035,5756.60205643
Neutral_jobs/omegacsd_BATXID,10,0.12951577081,-0.248484848485,-6.8942342121,5759.91568643
Neutral_jobs/omegacsd_BAXOZO,10,0.000403490151273,0.272727272727,-0.204272334236,3065.80918923
Neutral_jobs/omegacsd_BBSPRT10,10,0.137171068924,0.490909090909,0.437447535841,2550.55663923
Neutral_jobs/omegacsd_BEDLUR,10,0.251428889869,-0.406060606061,-1.02639590485,4259.67541442
Neutral_jobs/omegacsd_BEHHOL10,10,0.924692252853,-0.866666666667,-1.77699086669,5055.79360592
Neutral_jobs/omegacsd_BEKDIE,10,0.843274355512,-0.745454545455,-1.74017282546,3664.83176336
Neutral_jobs/omegacsd_BELWOE,10,0.370996650022,-0.587878787879,-4.22299631391,2891.89403477
Neutral_jobs/omegacsd_BENPRL,10,0.253800265695,0.0424242424242,-1.75464764912,5723.48568151
Neutral_jobs/omegacsd_BESCEH,10,0.411475709748,-0.781818181818,-1.21692855633,5189.37266676
Neutral_jobs/omegacsd_BETFAH,10,0.644594574437,-0.866666666667,-8.68782057375,3147.6703719
Neutral_jobs/omegacsd_BEWLIY10,10,0.0911778897227,0.175757575758,10.7109399564,3863.36545151
Neutral_jobs/omegacsd_BEWLOE10,10,0.214209835596,-0.442424242424,-3.88155172507,3591.88937343
Neutral_jobs/omegacsd_BEXVOP,10,0.00203010296446,-0.139393939394,-0.211372853718,4219.4971901
Neutral_jobs/omegacsd_BHMPET,10,0.982401107365,-0.963636363636,-1.55826888676,4021.15071905
Neutral_jobs/omegacsd_BIBHID,10,0.849251255584,-0.90303030303,-2.71949369359,4531.69846341
Neutral_jobs/omegacsd_BIBSEK,10,0.0495741212553,0.115151515152,-0.58741724634,5355.05331157
Neutral_jobs/omegacsd_BSBTHP,10,0.0179947878955,0.212121212121,0.778905408122,2866.26261106
Neutral_jobs/omegacsd_BTHYDX,10,0.187886023608,0.0666666666667,2.2676935339,3862.81356718
Neutral_jobs/omegacsd_BUDCUY,10,0.655235509216,0.818181818182,4.97458231584,4511.16808608
Neutral_jobs/omegacsd_BUFXOP,10,0.469613272001,-0.733333333333,-1.14665901715,4864.49642455
Neutral_jobs/omegacsd_BUHNIB,10,0.701943737261,-0.684848484848,-4.61731983733,5148.87555706
Neutral_jobs/omegacsd_BUNFUL,10,0.813643592432,0.757575757576,0.915334798278,3707.98570623
Neutral_jobs/omegacsd_BUTDID,10,0.485351748254,-0.563636363636,-19.8556030169,3345.74464186
Neutral_jobs/omegacsd_BUVYIA,10,0.417370145149,0.0787878787879,13.166660201,6277.16348072
Neutral_jobs/omegacsd_BUYZIE,10,0.932953409745,-0.612121212121,-1.0283037139,4751.51630266
Neutral_jobs/omegacsd_BZAPCX10,10,0.212265839054,0.648484848485,0.705839183601,3646.81069951
Neutral_jobs/omegacsd_BZAPUC20,10,0.534459255886,-0.478787878788,-1.09620250147,3670.65086869
Neutral_jobs/omegacsd_CABCUD,10,0.396186272145,-0.442424242424,-0.3005589199,4300.22644292
Neutral_jobs/omegacsd_CAFGIZ,10,0.0521116675855,0.418181818182,0.825010448305,4502.83160339
Neutral_jobs/omegacsd_CANPUC,10,0.465289060129,-0.345454545455,-1.08747648651,4373.60544793
Neutral_jobs/omegacsd_CARNID,10,0.0104240135111,0.0666666666667,-0.387927731261,2851.50968296
Neutral_jobs/omegacsd_CAVNUI,10,0.862597898029,-0.139393939394,-1.81642614666,3687.46984472
Neutral_jobs/omegacsd_CBMHZP,6,0.970961210609,-0.885714285714,-2.08785265449,5125.88168056
Neutral_jobs/omegacsd_CBSTHP,10,0.0599190926512,0.454545454545,1.9125365712,3000.98694698
Neutral_jobs/omegacsd_CBZHYX,10,0.251212816583,0.224242424242,0.735956892653,3443.70432368
Neutral_jobs/omegacsd_CDBMPI10,1,0.0,nan,nan,nan
Neutral_jobs/omegacsd_CEJTIU,10,0.326721508203,-0.00606060606061,-4.53894844577,4417.03821878
Neutral_jobs/omegacsd_CEKNOV,10,0.763983393928,-0.951515151515,-3.76286001532,4339.17486643
Neutral_jobs/omegacsd_CELDEC,10,0.152545814516,0.418181818182,7.83557645093,3709.32947252
Neutral_jobs/omegacsd_CELXOG,10,0.128400005448,0.115151515152,2.28685288259,4544.00779044
Neutral_jobs/omegacsd_CENNIS,10,0.88900991564,-0.187878787879,-0.985181327477,3488.95708654
Neutral_jobs/omegacsd_CETZOQ,10,0.216946150332,0.393939393939,2.95777475589,5747.37525248
Neutral_jobs/omegacsd_CEVTUS,10,0.498934112129,-0.684848484848,-1.17079257818,4548.57210481
Neutral_jobs/omegacsd_CEWFUF,10,0.344700978513,-0.466666666667,-1.95296919395,4887.65729373
Neutral_jobs/omegacsd_CFBPBI,10,0.357213409929,-0.563636363636,-0.445154546862,5796.88771956
Neutral_jobs/omegacsd_CIBPEI,10,0.995060027834,-0.636363636364,-3.15013839636,4108.63870278
Neutral_jobs/omegacsd_CIBPOS,10,0.719573875119,0.963636363636,4.79702947066,3780.98331042
Neutral_jobs/omegacsd_CIDSIR,10,0.139911294311,-0.466666666667,-3.52080402662,4949.92955016
Neutral_jobs/omegacsd_CIHFAA,10,0.896231743749,-0.490909090909,-5.54246038181,3287.47019404
Neutral_jobs/omegacsd_CIHJAE,10,0.0798341296049,-0.357575757576,-0.746957868852,5468.31973856
Neutral_jobs/omegacsd_CIJFEG,10,0.25365267992,0.490909090909,7.9989291315,5367.61866614
Neutral_jobs/omegacsd_CIJVAS,10,0.322453701315,0.187878787879,0.388444342142,5677.48199891
Neutral_jobs/omegacsd_CIPXEE,10,0.321453580687,0.272727272727,2.6385691264,4314.29043816
Neutral_jobs/omegacsd_CIXFIY,10,0.330514551055,0.357575757576,1.2402346442,4262.55923197
Neutral_jobs/omegacsd_CLPHAC,10,0.0995801115885,-0.10303030303,-4.15885018437,3040.74413657
Neutral_jobs/omegacsd_CLPNXA,10,0.00748180430591,-0.309090909091,-0.120619411171,5685.11690852
Neutral_jobs/omegacsd_CLPSAM,10,0.134818641207,-0.260606060606,0.718917738308,3223.56553736
Neutral_jobs/omegacsd_CLPTBU,10,0.284316470753,0.357575757576,12.7245469299,2855.96140866
Neutral_jobs/omegacsd_CMANPQ,10,0.448726516996,-0.624242424242,-4.9506894246,4745.07877593
Neutral_jobs/omegacsd_CMAPTX,10,0.701515737183,-0.842424242424,-0.654729399428,4390.65347391
Neutral_jobs/omegacsd_CMSMOC,10,0.949605710618,-0.684848484848,-2.68730713652,3436.87391957
Neutral_jobs/omegacsd_CMXPMB,10,0.00492553930773,0.163636363636,-0.359648898218,4469.03199989
Neutral_jobs/omegacsd_CMXPYO,10,0.117467272177,0.333333333333,3.52597535514,5524.47978659
Neutral_jobs/omegacsd_CNBPCT,10,0.661336653242,-0.806060606061,-0.419847025282,5319.60351961
Neutral_jobs/omegacsd_CNINDO,10,0.563425611956,0.660606060606,5.10849566271,4997.54000088
Neutral_jobs/omegacsd_COCHOL,10,0.341214282214,-0.551515151515,-0.967682356324,7859.95402276
Neutral_jobs/omegacsd_CODYUP10,10,0.120528685782,-0.406060606061,-1.41823290574,3664.70137909
Neutral_jobs/omegacsd_COFHIO10,10,0.624942768728,-0.757575757576,-1.92586833246,3673.00518106
Neutral_jobs/omegacsd_COKBOT,10,0.994125173152,-0.636363636364,-3.29299854121,5674.56456309
Neutral_jobs/omegacsd_COKSUQ,10,0.715541687363,-0.684848484848,-1.37733072526,5216.16412772
Neutral_jobs/omegacsd_COKTAX,10,0.300293558461,-0.224242424242,-1.35819298103,5533.15738802
Neutral_jobs/omegacsd_COTXUE,10,0.248890278196,-0.745454545455,-0.365978103845,4847.95983301
Neutral_jobs/omegacsd_COVXIU,10,0.446139129891,0.830303030303,4.58884563921,3770.67359134
Neutral_jobs/omegacsd_COYHUT10,10,0.00203409604869,0.187878787879,-0.171320823635,5552.95695889
Neutral_jobs/omegacsd_COYPIP,10,0.0718338473554,0.309090909091,3.32270151481,3960.96764964
Neutral_jobs/omegacsd_COYTOZ,10,0.010712683434,-0.175757575758,-0.315132640922,4779.7583208
Neutral_jobs/omegacsd_COYVIV,10,0.99851793828,-0.551515151515,-1.43746989634,2836.07275827
Neutral_jobs/omegacsd_COZFOM,10,0.219663990093,0.551515151515,1.34877550255,5994.61129251
Neutral_jobs/omegacsd_CPIPLA,10,0.000216838434452,0.260606060606,0.0373693538578,4431.03278313
Neutral_jobs/omegacsd_CPPHAM,10,0.03876313289,-0.236363636364,0.587564806715,3527.52154775
Neutral_jobs/omegacsd_CPQZOL,10,6.90104369388e-05,-0.0424242424242,-0.0569140024009,4752.20581656
Neutral_jobs/omegacsd_CPYPTZ,10,0.217797078,-0.793939393939,-3.81259555647,4853.61843822
Neutral_jobs/omegacsd_CUHNEY10,10,0.000360457298895,-0.2,-0.135190319486,4944.77151659
Neutral_jobs/omegacsd_CUJSAB,10,0.0848159422842,-0.369696969697,-0.72060685449,3281.80418107
Neutral_jobs/omegacsd_CUNTIO,10,0.813612591627,0.854545454545,2.89160548067,4670.01656853
Neutral_jobs/omegacsd_CUSLUX,10,0.00436254511008,-0.030303030303,-0.288932694588,4291.13658676
Neutral_jobs/omegacsd_CUWRIV,10,0.0175218667348,0.0424242424242,-0.55090875763,5542.9841997
Neutral_jobs/omegacsd_DABGUI,10,0.024372169901,0.284848484848,0.574716498899,3718.58187719
Neutral_jobs/omegacsd_DADDUH,10,0.242835876147,-0.333333333333,-1.94499903538,3754.59531188
Neutral_jobs/omegacsd_DAFTOT,10,0.757622531791,-0.963636363636,-2.79541110108,4753.16224803
Neutral_jobs/omegacsd_DAFVUB,10,0.861198831056,0.551515151515,0.692903652977,6379.60400798
Neutral_jobs/omegacsd_DAHNIJ,10,0.742230334341,0.854545454545,0.690503045885,3755.62983308
Neutral_jobs/omegacsd_DAKGEB,10,0.0646323450558,-0.187878787879,-1.49544812296,4968.78443555
Neutral_jobs/omegacsd_DANNEL,10,0.204836342393,0.345454545455,21.6618760632,4263.79961557
Neutral_jobs/omegacsd_DAWRAU,10,0.0498146037819,-0.0787878787879,-1.05070518453,3415.54308017
Neutral_jobs/omegacsd_DAXKAO,10,0.0743591560095,-0.333333333333,-2.091199456,5665.10476504
Neutral_jobs/omegacsd_DCLPET,10,0.0918535187305,0.0666666666667,2.04193747629,3144.75141778
Neutral_jobs/omegacsd_DCTXAN,10,0.274578044217,-0.466666666667,-2.41223479357,3595.52247051
Neutral_jobs/omegacsd_DEBBER,10,0.0298102871218,0.224242424242,0.406852587808,5748.84969455
Neutral_jobs/omegacsd_DEBBOB,10,0.926547219807,-0.757575757576,-5.67059378218,4929.85310831
Neutral_jobs/omegacsd_DEBFAR,10,0.259582006992,0.527272727273,2.37497317331,4134.78797458
Neutral_jobs/omegacsd_DECZIU,10,0.70523670398,-0.842424242424,-3.65642912,3015.87193049
Neutral_jobs/omegacsd_DENBUT,10,0.809504091281,-0.806060606061,-3.25737866724,4034.90177986
Neutral_jobs/omegacsd_DENDAC,10,0.194455790834,-0.0666666666667,-10.5656651918,4264.93320761
Neutral_jobs/omegacsd_DERZAB,10,0.388351435322,-0.563636363636,-1.34244148475,3568.2109214
Neutral_jobs/omegacsd_DIAVER,10,0.0338953025206,0.0545454545455,1.75806278455,3894.54688666
Neutral_jobs/omegacsd_DIGSIV,10,0.989619385078,-0.733333333333,-0.740779666095,4524.62963423
Neutral_jobs/omegacsd_DISHOC,10,0.0314114346087,0.00606060606061,0.114502426693,4188.15139931
Neutral_jobs/omegacsd_DIWPUU,10,0.99517664864,-0.854545454545,-3.78883905926,5261.19776946
Neutral_jobs/omegacsd_DIWWUB,10,0.857570847295,-0.927272727273,-4.66031910582,4118.33824249
Neutral_jobs/omegacsd_DOHREX,10,0.0509634602102,-0.454545454545,-1.1097649092,4742.39438625
Neutral_jobs/omegacsd_DOLJIX,10,0.79077608058,-0.890909090909,-4.89261701435,3271.54675889
Neutral_jobs/omegacsd_DOPXIP,10,0.321850400239,-0.515151515152,-4.02010126437,5757.67337445
Neutral_jobs/omegacsd_DOTFEX,10,0.970558064126,0.781818181818,6.14644931528,4787.70768426
Neutral_jobs/omegacsd_DOXANN,10,0.584354243869,-0.515151515152,-5.50655087573,3594.04710155
Neutral_jobs/omegacsd_DUDNUL,10,0.0268858522564,-0.248484848485,-0.916052107344,4168.01189361
Neutral_jobs/omegacsd_DUDPAT,10,0.0818731752654,0.321212121212,1.43151456096,3936.73943478
Neutral_jobs/omegacsd_DUHSUU,10,0.202423313502,-0.29696969697,-6.91628037599,4583.72423614
Neutral_jobs/omegacsd_DUMTAG,10,0.258442539887,-0.284848484848,-2.72926294595,4870.30397639
Neutral_jobs/omegacsd_DUPKII,10,0.198914358484,0.878787878788,2.22646629992,4665.70778303
Neutral_jobs/omegacsd_DUXYOK,10,0.641257898884,0.709090909091,4.63834874829,5414.89104739
Neutral_jobs/omegacsd_DUZDAD,10,0.179923288905,-0.490909090909,-0.7750457116,5149.14037376
Neutral_jobs/omegacsd_EBTNIC,10,0.171851712179,0.29696969697,1.96669237948,6487.47312885
Neutral_jobs/omegacsd_ECBHMP,10,0.0068854664624,-0.00606060606061,-0.664972727618,4559.89964588
Neutral_jobs/omegacsd_EHMPYX10,10,0.16316193132,-0.357575757576,-4.64691352828,3481.55673605
Neutral_jobs/omegacsd_EITDZL,10,0.385615019982,-0.587878787879,-2.41301441725,4984.6098684
Neutral_jobs/omegacsd_EMZPPO,10,0.0166806234124,-0.030303030303,1.37743171669,4406.68559053
Neutral_jobs/omegacsd_EPCMPO,10,0.01141397755,0.030303030303,-0.132759149589,4705.58905917
Neutral_jobs/omegacsd_EXOADN,10,2.26373189015e-07,0.0909090909091,0.00175298372635,3660.90594297
Neutral_jobs/omegacsd_FABSOQ10,10,0.13046820844,0.672727272727,2.26169876798,5293.07967096
Neutral_jobs/omegacsd_FABWUA10,10,0.995923278946,-0.733333333333,-1.8711913729,5475.70822272
Neutral_jobs/omegacsd_FACCER10,10,0.876878903043,-0.90303030303,-9.40020100893,3499.96712779
Neutral_jobs/omegacsd_FAGHIE,10,0.0837998560462,-0.175757575758,-2.15107832576,6584.99669101
Neutral_jobs/omegacsd_FAHTUD,10,0.376763513318,0.636363636364,5.14591469131,3909.85356268
Neutral_jobs/omegacsd_FAHXIV,10,0.904834247865,-0.575757575758,-0.27309108969,4276.59386861
Neutral_jobs/omegacsd_FANPUF,10,0.9090774853,-0.90303030303,-2.41231353112,6127.60244616
Neutral_jobs/omegacsd_FAVYEG,10,0.251318732126,0.115151515152,0.925450926875,3740.30059756
Neutral_jobs/omegacsd_FAWREA,10,0.52972119176,-0.769696969697,-0.402224728537,4222.76347721
Neutral_jobs/omegacsd_FAXPUP,10,0.845640094073,-0.890909090909,-1.04591900525,5107.7287215
Neutral_jobs/omegacsd_FBPAZD,10,0.00264511455991,-0.0787878787879,-0.0360630363404,6131.4323842
Neutral_jobs/omegacsd_FECPUY,10,0.972624361239,-0.2,-1.71050304968,4457.14345811
Neutral_jobs/omegacsd_FEFPOV,10,0.515718811809,-0.721212121212,-3.53555302788,4289.76652597
Neutral_jobs/omegacsd_FEMMAL,10,0.0330486067087,-0.0424242424242,0.21804182676,5556.4737137
Neutral_jobs/omegacsd_FEWBAK,10,0.897956749235,-0.963636363636,-4.1001966272,5449.32607974
Neutral_jobs/omegacsd_FEYJEY,10,0.899774689147,-0.975757575758,-1.99342295301,5371.9641109
Neutral_jobs/omegacsd_FEYKUP,10,0.234156399042,-0.393939393939,-2.60031722299,5297.47134918
Neutral_jobs/omegacsd_FHFPBY,10,0.283926265379,-0.466666666667,-0.971232756846,5312.38652139
Neutral_jobs/omegacsd_FIBREN,10,0.028809098469,0.333333333333,0.358616734019,4501.69916642
Neutral_jobs/omegacsd_FIJJUD,10,0.040640469666,0.393939393939,1.45024235386,4457.64334382
Neutral_jobs/omegacsd_FIVPUV,10,0.836619842916,-0.842424242424,-46.3411387684,1004.74318022
Neutral_jobs/omegacsd_FIWLUS,10,0.0388722412259,0.454545454545,4.23677873621,2237.11419428
Neutral_jobs/omegacsd_FIXNUV,10,0.211481914656,-0.0666666666667,-3.72486965768,4129.36265306
Neutral_jobs/omegacsd_FLPNTX10,10,0.829956285548,-0.951515151515,-1.40505609134,5846.96020535
Neutral_jobs/omegacsd_FOBZIF,10,0.171586962119,-0.345454545455,-0.730680689214,4063.72874881
Neutral_jobs/omegacsd_FOGWAZ,10,0.510075939464,0.321212121212,1.06362803902,5554.80253398
Neutral_jobs/omegacsd_FOJZUZ,10,0.573120921224,-0.636363636364,-2.40909939588,3302.49020721
Neutral_jobs/omegacsd_FOLMEY,10,0.156631594476,-0.612121212121,-1.47446328515,3446.0903573
Neutral_jobs/omegacsd_FOMDUG,10,0.0333582290154,-0.0787878787879,-1.38124774911,4158.33974139
Neutral_jobs/omegacsd_FOWPOW,10,0.239033431624,0.418181818182,12.9020372771,2051.36041073
Neutral_jobs/omegacsd_FOYLIO,10,0.048290977001,-0.212121212121,-0.436963507714,5275.29717431
Neutral_jobs/omegacsd_FPAMCA,10,0.22504959937,0.587878787879,1.51669811326,3878.49927034
Neutral_jobs/omegacsd_FUCFIS,10,0.407514450449,0.587878787879,9.68150117006,3460.91546489
Neutral_jobs/omegacsd_FUDVUV,10,0.243055309722,-0.115151515152,-0.514752076277,3186.9533898
Neutral_jobs/omegacsd_FUGSIJ,10,0.343333733164,0.406060606061,1.70713765789,4868.81785612
Neutral_jobs/omegacsd_FUHHAR,10,0.403427249538,0.418181818182,2.6114419433,3422.71278875
Neutral_jobs/omegacsd_FUHLID,10,0.153029086315,0.393939393939,1.38352762967,4608.76834364
Neutral_jobs/omegacsd_FUJRUX,10,0.796249808782,-0.963636363636,-2.11716608446,5356.59713418
Neutral_jobs/omegacsd_FUMBOE,10,0.00486711786671,-0.0909090909091,-0.956785416936,4069.12140595
Neutral_jobs/omegacsd_FUNXUH,10,0.089353227433,-0.187878787879,-2.12435400998,3671.84452373
Neutral_jobs/omegacsd_FUNYAO,10,0.00536309833945,0.151515151515,0.6488416493,3775.02111565
Neutral_jobs/omegacsd_FURACM,10,0.389463930745,0.321212121212,1.54847474436,3518.89448735
Neutral_jobs/omegacsd_FURKEI,10,0.164355385832,-0.2,-0.0882494648151,4844.16244126
Neutral_jobs/omegacsd_FURSEM01,10,0.151809731986,-0.563636363636,-1.18530880725,3305.12897859
Neutral_jobs/omegacsd_FUSZOI,10,0.535811651268,0.636363636364,3.04983202362,3984.25677435
Neutral_jobs/omegacsd_GAKWIY,10,0.000806033295786,-0.0666666666667,0.0730388720677,5364.74732311
Neutral_jobs/omegacsd_GALSEM,10,0.0466731516596,0.0181818181818,-0.647600814678,4155.71735549
Neutral_jobs/omegacsd_GANFIK,10,0.926963849092,-0.842424242424,-1.45225691704,3402.23956942
Neutral_jobs/omegacsd_GASPUL,10,0.110618422099,-0.50303030303,-0.941979753194,6095.85602636
Neutral_jobs/omegacsd_GASXED,10,0.666480651785,-0.806060606061,-4.84667274341,4268.00249907
Neutral_jobs/omegacsd_GATPOG,10,0.0122849922281,-0.248484848485,-0.234273374607,3245.26982927
Neutral_jobs/omegacsd_GAVMIZ,10,0.380286228013,-0.527272727273,-3.2554263694,4790.11990662
Neutral_jobs/omegacsd_GEBJOM,10,0.859945948973,0.454545454545,2.03406609981,4694.17065006
Neutral_jobs/omegacsd_GEHKIN,10,0.930546312433,-0.90303030303,-4.51540177929,3606.88714572
Neutral_jobs/omegacsd_GEJJUA,10,0.255199240885,-0.551515151515,-0.525288731603,3818.33788276
Neutral_jobs/omegacsd_GEJLAI,10,0.424171109715,-0.69696969697,-0.844158499878,3641.60751417
Neutral_jobs/omegacsd_GIFZAW,10,0.0965669357311,-0.030303030303,1.47288084209,3923.30816722
Neutral_jobs/omegacsd_GIHKAJ,10,0.000720922000645,0.139393939394,-0.348340585829,3766.05482669
Neutral_jobs/omegacsd_GIHTUM,10,3.8858280535e-05,0.00606060606061,-0.017652592287,5422.82974196
Neutral_jobs/omegacsd_GIHWUP,10,0.200550623234,-0.430303030303,-0.402187435549,6496.18110231
Neutral_jobs/omegacsd_GIKJOZ,10,0.131377141962,-0.309090909091,-5.4831930906,4657.67517309
Neutral_jobs/omegacsd_GINKUJ,10,0.468219575879,-0.624242424242,-40.8913430147,-1589.3629199
Neutral_jobs/omegacsd_HADLAZ,10,0.999123120495,-0.587878787879,-1.81240720623,5364.37539951
Neutral_jobs/omegacsd_HALDOL,10,0.825109862891,-0.951515151515,-0.286259908841,5389.10781281
Neutral_jobs/omegacsd_HALJOT,10,0.461998836721,-0.612121212121,-1.67546869133,4405.66735717
Neutral_jobs/omegacsd_HALOPE,10,0.541356093948,-0.878787878788,-1.24605372519,5616.80961016
Neutral_jobs/omegacsd_HALSES,10,0.382367643048,0.309090909091,0.868945717683,5096.9475612
Neutral_jobs/omegacsd_HASCOT,10,0.213827209061,0.260606060606,9.10259606561,4535.98345731
Neutral_jobs/omegacsd_HATKES,10,0.0575891171379,-0.478787878788,-3.52885442355,4575.70099218
Neutral_jobs/omegacsd_HAVJET,10,0.0139594357863,-0.187878787879,-0.321057998354,3626.30960338
Neutral_jobs/omegacsd_HAVLUL,10,0.461738554461,-0.442424242424,-0.971042299477,5828.50052945
Neutral_jobs/omegacsd_HAVRUR,10,0.328340942803,0.721212121212,3.86492183157,4290.3272139
Neutral_jobs/omegacsd_HBFRAN,10,0.21199719077,-0.539393939394,-2.89729789105,3867.77443687
Neutral_jobs/omegacsd_HECHEC,10,0.202676825732,0.381818181818,6.19135119312,3927.13876497
Neutral_jobs/omegacsd_HEHVOF,10,0.875746598835,-0.987878787879,-1.85087138429,5703.85930436
Neutral_jobs/omegacsd_HEJTAR,6,0.997707244426,-0.771428571429,-1.88204302545,3942.11275773
Neutral_jobs/omegacsd_HEKROE,10,0.243270669716,0.466666666667,2.51216325723,3803.5425401
Neutral_jobs/omegacsd_HEKZAY,10,0.0338059757782,-0.454545454545,-2.9758698901,4232.38225717
Neutral_jobs/omegacsd_HEMLOA,10,0.0541037795957,-0.454545454545,-5.30917320393,5076.06709525
Neutral_jobs/omegacsd_HEMWUR,10,0.0513906297106,-0.260606060606,-1.30403216617,3372.02901632
Neutral_jobs/omegacsd_HEMXIG,10,0.0176154771139,0.163636363636,1.21047933584,4091.41258693
Neutral_jobs/omegacsd_HEPGAK,10,0.00091484632806,0.0787878787879,0.407012217339,4178.86115924
Neutral_jobs/omegacsd_HEPKUI,10,0.22731831923,0.321212121212,1.2097133545,5923.97813398
Neutral_jobs/omegacsd_HEVRIJ,10,0.529639576333,-0.636363636364,-4.90656632337,6521.47867437
Neutral_jobs/omegacsd_HEVXEL,10,0.719462431677,-0.733333333333,-4.6945525116,4151.91739921
Neutral_jobs/omegacsd_HEXFEV,10,0.309483702576,-0.6,-2.52818340631,3832.65101593
Neutral_jobs/omegacsd_HEXYIS,10,0.419444855145,-0.284848484848,-2.34580610746,5238.66297806
Neutral_jobs/omegacsd_JOTDAX,10,0.0389274337049,0.236363636364,1.47499502482,5082.7225859
Neutral_jobs/omegacsd_JOXFIL,10,0.348450651052,-0.357575757576,-5.4698197261,3992.69173724
Neutral_jobs/omegacsd_JUBGES,10,0.276727931236,0.587878787879,2.38162535539,4428.00898535
Neutral_jobs/omegacsd_JUDLUP,10,0.00907634576184,0.333333333333,0.503150726073,4816.84035475
Neutral_jobs/omegacsd_JUDWEK,10,0.00125784858517,-0.0424242424242,1.23729735324,3221.36785546
Neutral_jobs/omegacsd_JUHHEZ,10,0.0238454042824,-0.0909090909091,-3.60551127506,4850.23595661
Neutral_jobs/omegacsd_JUKZUK,10,0.446460602263,-0.381818181818,-11.9396200028,3164.85557297
Neutral_jobs/omegacsd_JUVPAR,10,0.0286064711669,-0.309090909091,-0.713796829536,4396.36221357
Neutral_jobs/omegacsd_KABJOM,10,0.147066245518,-0.551515151515,-0.871774859845,4534.31633906
Neutral_jobs/omegacsd_KACKII,10,0.298537880634,-0.430303030303,-0.769563995564,4538.3215344
Neutral_jobs/omegacsd_KAVLIC,10,0.979076481722,-0.963636363636,-0.995049990356,5713.37495139
Neutral_jobs/omegacsd_KAVNOK,10,0.419210613239,-0.721212121212,-6.43086981022,5256.99724414
Neutral_jobs/omegacsd_KAXXAI,10,0.1487506468,-0.0787878787879,-0.799687084309,3448.88939856
Neutral_jobs/omegacsd_KEBVES,10,0.682396677798,-0.757575757576,-24.3164729305,2824.216209
Neutral_jobs/omegacsd_KECDUR,10,0.917445313223,-0.866666666667,-1.94191915541,4813.75322205
Neutral_jobs/omegacsd_KEJBEG,10,0.847040626053,-0.587878787879,-1.73878405069,5617.70156358
Neutral_jobs/omegacsd_KEJGEL,10,0.00423816487488,0.357575757576,-0.247497739934,5266.14752886
Neutral_jobs/omegacsd_KICRIX,10,0.253068022731,-0.248484848485,-3.94699443941,2996.11000355
Neutral_jobs/omegacsd_KIFZAA,10,0.895944332007,-0.769696969697,-2.62981399292,4039.32618315
Neutral_jobs/omegacsd_KIHWAZ,10,0.980365844713,-0.951515151515,-2.03140437812,4960.94176648
Neutral_jobs/omegacsd_KIHWED,10,0.137465199262,0.442424242424,0.543787173296,4986.17883295
Neutral_jobs/omegacsd_KINJIA,10,0.130083698028,-0.381818181818,-0.235430817972,6354.73099115
Neutral_jobs/omegacsd_KIXLOS,10,0.332072368702,0.260606060606,0.358283872843,4578.31539446
Neutral_jobs/omegacsd_KOFKUL,10,0.616354167993,0.733333333333,1.64788497093,5263.51011711
Neutral_jobs/omegacsd_KOFLIA,9,0.144373664811,-0.166666666667,-0.862546155249,4255.84630306
Neutral_jobs/omegacsd_KOFLOG,10,0.3365673224,-0.527272727273,-2.7201161335,3978.94195569
Neutral_jobs/omegacsd_KOFMIB,10,8.81828758843e-05,0.00606060606061,-0.00188450218896,4586.34303369
Neutral_jobs/omegacsd_KOJMEB,10,0.274846019527,-0.284848484848,-2.12984784868,4891.41218872
Neutral_jobs/omegacsd_KOKBIV,10,0.996264460503,-0.587878787879,-2.21307117123,5682.63465478
Neutral_jobs/omegacsd_KOTGIJ,10,0.680391407711,-0.806060606061,-1.69570792042,3682.9500491
Neutral_jobs/omegacsd_KUBHEU,10,0.964217985004,-0.69696969697,-1.44157321406,4441.22222146
Neutral_jobs/omegacsd_KUFPIK,10,0.442926822741,-0.6,-2.47785833111,6592.60760571
Neutral_jobs/omegacsd_KUHNUW,10,0.991645230642,-0.963636363636,-2.59143633373,6255.01407282
Neutral_jobs/omegacsd_LABLOP,10,0.644505964164,-0.539393939394,-2.41780183248,3323.33129182
Neutral_jobs/omegacsd_LACCEX,10,0.739993482521,-0.709090909091,-2.0862352941,3701.69139395
Neutral_jobs/omegacsd_LACPAG,10,0.735201274057,-0.963636363636,-0.897426060394,3613.14598694
Neutral_jobs/omegacsd_LADTOZ,10,0.281378295837,-0.721212121212,-0.532226621981,5179.90172542
Neutral_jobs/omegacsd_LANXED,9,0.619787883679,-0.4,-2.46990436175,5159.48015341
Neutral_jobs/omegacsd_LAWJEY,10,0.0259103818,-0.0787878787879,-0.738929336599,3991.13579465
Neutral_jobs/omegacsd_LAXWEM,10,0.724155616779,-0.90303030303,-2.17283691911,3649.95223579
Neutral_jobs/omegacsd_LEDWAS,10,0.614068596038,0.721212121212,4.43237864429,3433.41898221
Neutral_jobs/omegacsd_LEKMET,10,0.0318981995127,0.115151515152,-0.367062361366,4233.19449463
Neutral_jobs/omegacsd_LELROJ,10,0.381969566905,-0.684848484848,-0.966384972715,4380.30025347
Neutral_jobs/omegacsd_LEMXIK,10,0.966848725434,-0.818181818182,-3.61103265309,5807.10363139
Neutral_jobs/omegacsd_LERKAU,10,0.0275354715445,0.345454545455,0.553414452191,5152.46303156
Neutral_jobs/omegacsd_LETBAN,10,0.971116690621,-0.878787878788,-5.55171843739,1897.00981408
Neutral_jobs/omegacsd_LETBUH,10,0.0495436919377,0.0787878787879,1.69347855207,3279.95015133
Neutral_jobs/omegacsd_LEVTOV,10,0.0344857113708,0.0909090909091,0.203379879501,5748.96907745
Neutral_jobs/omegacsd_LEZGOM,10,0.639453269968,-0.321212121212,-0.899737902506,5486.39495935
Neutral_jobs/omegacsd_LIKBUC,10,0.00617565776096,0.10303030303,-0.190730473135,6340.71585724
Neutral_jobs/omegacsd_LIKGIV,10,0.309038889822,-0.490909090909,-2.0430942348,4269.1251493
Neutral_jobs/omegacsd_LIKMEX,10,0.965202665729,-0.684848484848,-1.25678939982,5001.60278007
Neutral_jobs/omegacsd_LINLAV,10,0.131413874315,-0.490909090909,-0.198761862224,6264.48667132
Neutral_jobs/omegacsd_MAMNAQ,10,0.700254924389,0.818181818182,1.90387534735,4601.18938339
Neutral_jobs/omegacsd_MATSTA10,10,0.260381853816,-0.478787878788,-1.99788269143,4552.07643952
Neutral_jobs/omegacsd_MBZTZT10,10,0.455231620086,0.745454545455,7.58253232518,4140.50422703
Neutral_jobs/omegacsd_MICONZ,10,0.000154288043979,-0.187878787879,-0.0349745718611,4380.01254383
Neutral_jobs/omegacsd_MINTSA,10,0.769245507535,-0.806060606061,-5.63260473361,4035.50248616
Neutral_jobs/omegacsd_MLDPHE10,10,0.255764231179,-0.406060606061,-2.19750619142,5114.31963346
Neutral_jobs/omegacsd_MOPBZA,10,0.988445275114,-0.842424242424,-1.16313657156,4303.90187272
Neutral_jobs/omegacsd_MRMPYR,10,0.911522770018,-0.769696969697,-0.963916789349,4400.31777953
Neutral_jobs/omegacsd_MTBPNP,10,0.321678336622,-0.393939393939,-17.2853374236,4554.767265
Neutral_jobs/omegacsd_MVERIQ,10,0.127812138327,0.0424242424242,4.37046041296,5574.08656904
Neutral_jobs/omegacsd_NADYIA,10,0.0849722694406,-0.272727272727,-0.0542587474636,5870.94251497
Neutral_jobs/omegacsd_NADZIB,10,0.33256778518,-0.636363636364,-4.12224610942,4853.45226279
Neutral_jobs/omegacsd_NBPENC,10,0.474741194252,-0.684848484848,-5.88643879481,3487.76451308
Neutral_jobs/omegacsd_NFCSEY,10,0.194494715091,0.260606060606,3.67915606226,3286.10463719
Neutral_jobs/omegacsd_PACVUK,10,0.0368989600437,-0.139393939394,-0.278092583123,4686.5840402
Neutral_jobs/omegacsd_PAPPHI,10,0.223873803486,0.442424242424,2.51064707231,4668.0556919
Neutral_jobs/omegacsd_PBBSHD,10,0.217988175659,-0.842424242424,-1.59797819905,4911.16609435
Neutral_jobs/omegacsd_PBYXCH,10,0.668781553045,-0.793939393939,-5.21445676745,4194.66945622
Neutral_jobs/omegacsd_PCPTZA,10,0.475121639812,-0.539393939394,-3.28518667973,3979.28311119
Neutral_jobs/omegacsd_PEBHAF,10,0.104482740531,0.163636363636,0.751379638013,4753.3290715
Neutral_jobs/omegacsd_PEKCEO,10,0.95181040275,-0.769696969697,-4.11248690379,5300.34981339
Neutral_jobs/omegacsd_PEXFED,1,0.0,nan,nan,nan
Neutral_jobs/omegacsd_PEXJEH,10,0.77116791743,0.878787878788,1.52397626676,5585.055025
Neutral_jobs/omegacsd_PIBSXM,10,0.157263430079,-0.272727272727,-2.27265015336,5378.94907296
Neutral_jobs/omegacsd_PIDSIE,10,0.429170296186,-0.563636363636,-0.713314218588,3950.68001833
Neutral_jobs/omegacsd_PIDWOO,10,0.205613981834,-0.6,-1.37805371108,6178.10542979
Neutral_jobs/omegacsd_PIKDIW,10,0.429059754486,-0.575757575758,-2.91821873166,4525.64242284
Neutral_jobs/omegacsd_PILCOC,10,0.0808275145591,0.248484848485,2.5540250836,4773.55960107
Neutral_jobs/omegacsd_PINSAG,10,0.868436051619,-0.806060606061,-1.39708389388,5282.25024328
Neutral_jobs/omegacsd_PKOJSI,10,0.255393218996,0.442424242424,0.770665574701,3696.40913714
Neutral_jobs/omegacsd_PMAANO01,10,0.966342760509,-0.987878787879,-3.17564336105,4790.26749796
Neutral_jobs/omegacsd_PMANAQ,10,0.0218586517592,0.127272727273,1.22218887605,6270.6569265
Neutral_jobs/omegacsd_PMBSAN10,10,0.443922142446,-0.575757575758,-0.328059824876,4673.54889136
Neutral_jobs/omegacsd_PMCPRC10,10,0.047809897993,-0.333333333333,-4.0255860205,3968.03407058
Neutral_jobs/omegacsd_PMEPEN,10,0.616532034711,0.478787878788,2.46731096029,5028.90527288
Neutral_jobs/omegacsd_PMPAIN,10,0.177625728984,-0.29696969697,-2.55890392575,5140.13263746
Neutral_jobs/omegacsd_PMPBTZ,10,0.820671706257,-0.854545454545,-18.8163423877,5971.96313105
Neutral_jobs/omegacsd_PMTSZD,10,0.0797197649953,0.2,1.3413151667,4416.50606373
Neutral_jobs/omegacsd_PNBPIP,6,0.0163829324229,-0.0285714285714,2.17858839936,3461.81555405
Neutral_jobs/omegacsd_PNPAUR,10,0.855363380035,-0.90303030303,-1.34011480545,2854.80498272
Neutral_jobs/omegacsd_PTHPAL,10,0.434084845133,-0.842424242424,-0.909948357715,4147.89183286
Neutral_jobs/omegacsd_PXBVCP10,10,0.697633424185,-0.624242424242,-0.476864644479,5334.62423729
Neutral_jobs/omegacsd_PXEZSD,10,0.321834897535,-0.0181818181818,-0.710951974298,5625.54653509
Neutral_jobs/omegacsd_PXMPEN,10,0.871097644151,-0.684848484848,-1.35929813537,4260.17737244
Neutral_jobs/omegacsd_PYMSBZ,10,0.657465611596,-0.745454545455,-2.66729118765,4325.98255549
Neutral_jobs/omegacsd_QQQHDG10,10,0.0935083404724,-0.0787878787879,-2.70560345494,3821.24167317
Neutral_jobs/omegacsd_SADXIE,10,0.0270645433071,-0.0909090909091,-0.591527335431,5154.06682792
Neutral_jobs/omegacsd_SAGMUI,10,0.702723909569,-0.69696969697,-2.6030536384,4114.17890941
Neutral_jobs/omegacsd_SAVXOC,10,0.210569979227,-0.454545454545,-3.01996811061,4447.59937672
Neutral_jobs/omegacsd_SAVYET,10,0.263539399591,-0.6,-3.86733903709,4196.25471355
Neutral_jobs/omegacsd_SAVZEU,10,0.497503112382,-0.50303030303,-1.12470486357,4938.66679051
Neutral_jobs/omegacsd_SEFLIY,10,0.558686557417,-0.563636363636,-0.808922501877,4262.99358824
Neutral_jobs/omegacsd_SEMDET,10,0.580567278862,-0.90303030303,-2.54689032366,4058.31166454
Neutral_jobs/omegacsd_SEMXEN,10,0.00455282431195,-0.0424242424242,-0.044135262612,4019.85419109
Neutral_jobs/omegacsd_SEYMIS,10,0.22534837238,-0.587878787879,-1.13553239591,5059.71246163
Neutral_jobs/omegacsd_SEYPUH,10,0.0115281281607,-0.151515151515,-0.146373769863,4128.31993054
Neutral_jobs/omegacsd_SFDMOX,10,0.166731990444,-0.369696969697,-4.8761559403,3247.57732985
Neutral_jobs/omegacsd_SIFJIA,10,0.640318836461,-0.709090909091,-2.00514144388,4213.94495795
Neutral_jobs/omegacsd_SIHDES,10,0.00585998590593,-0.0181818181818,0.245839068319,4340.18019452
Neutral_jobs/omegacsd_SIHDIW,10,2.58970405479e-05,-0.0666666666667,-0.0169091156,5734.50283973
Neutral_jobs/omegacsd_SIHVUA,10,0.0672825066025,0.248484848485,-6.7981761546,2400.74781394
Neutral_jobs/omegacsd_SILTUC,10,0.059418085596,0.29696969697,1.8064249219,4196.33017461
Neutral_jobs/omegacsd_SINKUV,10,0.801311800861,-0.854545454545,-8.11604178504,2636.0461694
Neutral_jobs/omegacsd_SISYIC,10,0.158502242739,-0.00606060606061,-1.67583219925,5136.86102848
Neutral_jobs/omegacsd_SIZDOU,10,0.0173247623011,0.0181818181818,-0.162950598063,6765.1806062
Neutral_jobs/omegacsd_SLFNMB04,10,0.866423281671,0.721212121212,5.51633275217,3238.39902398
Neutral_jobs/omegacsd_SLFNMF02,10,0.0103334023973,0.248484848485,0.953846501735,3383.42341973
Neutral_jobs/omegacsd_SOPNAM,10,0.353726148343,-0.50303030303,-1.94225085787,4686.95817642
Neutral_jobs/omegacsd_SOPSIZ,10,0.0409177874646,0.00606060606061,-0.804222302123,3482.71534687
Neutral_jobs/omegacsd_SORCOR,10,0.00324386186526,-0.175757575758,-0.499197281004,4380.21226839
Neutral_jobs/omegacsd_SOWCOW,10,0.586948674131,-0.781818181818,-4.62431001577,4762.6901272
Neutral_jobs/omegacsd_SPIRIL,10,0.646960778867,0.745454545455,1.12635499227,6345.79947481
Neutral_jobs/omegacsd_SURREC,10,0.613876651683,-0.660606060606,-1.1488694395,5407.72609307
Neutral_jobs/omegacsd_TAJSEC,10,0.982571918348,-0.684848484848,-1.48465654475,4387.21089918
Neutral_jobs/omegacsd_TANNOL,10,0.957019296416,-0.442424242424,-1.27897957802,4565.3816234
Neutral_jobs/omegacsd_TAPBZO,10,0.866295783491,-0.672727272727,-1.40367453734,5110.80331104
Neutral_jobs/omegacsd_TAPSOS,10,0.368442216469,0.624242424242,1.81585889699,5662.16512143
Neutral_jobs/omegacsd_TAPZEP,10,0.851816688316,-0.648484848485,-1.64100656115,4012.69327465
Neutral_jobs/omegacsd_TAZPUF,10,0.921192050651,-0.939393939394,-0.94876163454,6932.81316432
Neutral_jobs/omegacsd_TECSUP,10,0.168440137253,-0.406060606061,-1.42496270095,4639.23417873
Neutral_jobs/omegacsd_TEDBUZ,10,5.05469068052e-05,0.030303030303,-0.0856359393835,5103.6262747
Neutral_jobs/omegacsd_TPHPRO,10,0.204746853191,0.612121212121,0.450783492384,5237.1371562
Neutral_jobs/omegacsd_VADTAV,10,0.0233060756856,0.151515151515,1.513295695,3887.67775744
Neutral_jobs/omegacsd_VAMBOA,10,0.53667110415,0.539393939394,1.88850041496,5344.47013448
Neutral_jobs/omegacsd_VAMCUH,10,0.41618448403,-0.636363636364,-1.42956389743,4114.66633033
Neutral_jobs/omegacsd_VAYXOI,10,0.651412566772,-0.757575757576,-1.16814572406,4666.54119887
Neutral_jobs/omegacsd_VEMCIZ,10,0.760645452754,-0.115151515152,-1.98015529173,6455.73531279
Neutral_jobs/omegacsd_VENRUB,10,0.0563096649146,-0.0909090909091,-0.450525791458,4132.01127543
Neutral_jobs/omegacsd_VEXROF,10,0.312770308559,-0.430303030303,-0.65050933396,4602.90623902
Neutral_jobs/omegacsd_VEYRAS,10,0.778628628544,0.733333333333,3.07153001406,4294.00963591
Neutral_jobs/omegacsd_VIBNID,10,0.741978354965,0.866666666667,2.53225980197,5894.14796776
Neutral_jobs/omegacsd_VIBWIM,10,0.927429197949,-0.951515151515,-1.5948661212,5603.33942918
Neutral_jobs/omegacsd_VIPHOR,10,0.0613204047357,-0.139393939394,-0.292372384079,5792.19355236
Neutral_jobs/omegacsd_VOPDIN,10,0.623889627921,-0.636363636364,-1.75994737798,4554.72473216
Neutral_jobs/omegacsd_VORBAF,10,0.570368705699,-0.842424242424,-1.17668525303,4261.29776453
Neutral_jobs/omegacsd_VORDAH,10,0.842962819502,-0.648484848485,-7.06600472839,3816.61396751
Neutral_jobs/omegacsd_VORJER,10,0.550770874073,0.466666666667,9.29955971977,6931.84178098
Neutral_jobs/omegacsd_VOWXEK,10,0.904835102191,-0.757575757576,-15.5549424975,5346.68983973
Neutral_jobs/omegacsd_VOXHAR,10,0.823015978225,-0.757575757576,-0.850646500498,4893.88887603
Neutral_jobs/omegacsd_VOXMOK,10,0.0153210958712,-0.151515151515,0.105119557346,4397.60326199
Neutral_jobs/omegacsd_VOXNOL,10,0.198042429754,-0.393939393939,-4.49338287988,3423.41675014
Neutral_jobs/omegacsd_VUGDEG,10,0.102292056109,-0.248484848485,-2.7146837526,4444.51479634
Neutral_jobs/omegacsd_VUSKID,10,0.419059391277,-0.757575757576,-1.76028010618,4308.79454468
Neutral_jobs/omegacsd_WAMZAL,10,0.437919393863,-0.69696969697,-0.618763457125,4448.32916433
Neutral_jobs/omegacsd_WASTEP,10,0.610659533742,-0.539393939394,-1.20531765136,6226.24302969
Neutral_jobs/omegacsd_WAVTIW,10,0.431431049393,-0.624242424242,-11.959911403,5813.65041347
Neutral_jobs/omegacsd_WELGAV,10,0.0141147657334,-0.272727272727,-0.335256559354,6104.35534849
Neutral_jobs/omegacsd_WESFOP,10,0.244991773641,0.333333333333,1.49054577963,4545.00352342
Neutral_jobs/omegacsd_WESZOJ,10,0.978828253294,-0.927272727273,-1.29551926969,4541.19609449
Neutral_jobs/omegacsd_WEVTIA,10,0.387052184298,-0.69696969697,-15.4088795512,3572.26277193
Neutral_jobs/omegacsd_WEXBEG,10,0.820749159523,-0.733333333333,-4.13313238917,4625.4532195
Neutral_jobs/omegacsd_WIFREI,10,0.000562705692085,-0.212121212121,-0.434358864738,4190.72807633
Neutral_jobs/omegacsd_WIKJOP,10,0.0963084130621,-0.50303030303,-8.36987707137,4099.29965968
Neutral_jobs/omegacsd_YABKOB,10,0.0117316039225,0.29696969697,0.609777229154,5920.17950509
Neutral_jobs/omegacsd_YAGWOS,10,0.0291520252875,0.187878787879,0.8228510703,5639.29806336
Neutral_jobs/omegacsd_YAHBOY,10,0.00033096808181,-0.030303030303,-0.086581814372,4142.52400429
Neutral_jobs/omegacsd_YAHFAO,10,0.27868287793,-0.490909090909,-2.94417797966,4707.27707353
Neutral_jobs/omegacsd_YAZBAC,10,0.166365471536,-0.418181818182,-0.20437437169,6635.46435462
Neutral_jobs/omegacsd_YAZHUC,10,0.524780197343,0.769696969697,14.0902061876,5780.47153034
Neutral_jobs/omegacsd_YEMNEJ,10,0.148775255628,0.29696969697,0.806039364301,5258.12074468
Neutral_jobs/omegacsd_YENLEI,10,0.655324420452,-0.890909090909,-1.21768278677,4003.36213069
Neutral_jobs/omegacsd_YESPIV,10,0.966866251098,-0.769696969697,-1.42382529045,6157.80948351
Neutral_jobs/omegacsd_YEYVED,10,0.904567837441,-0.721212121212,-9.1743560018,3060.29895357
Neutral_jobs/omegacsd_YICPIJ,10,0.178165045464,-0.442424242424,-1.48276300601,5858.56757715
Neutral_jobs/omegacsd_YILDOM,10,0.251877698058,-0.648484848485,-10.1670324675,4320.42518584
Neutral_jobs/omegacsd_YINDII,10,0.201188947771,-0.430303030303,-3.18259843887,3747.14713688
Neutral_jobs/omegacsd_YITLES,10,0.748507401207,0.187878787879,9.24544621509,3302.81399009
Neutral_jobs/omegacsd_YOPRAW,10,0.196547601723,-0.381818181818,-1.59417441402,4690.53525277
Neutral_jobs/omegacsd_YOPWOP,10,0.644421819421,-0.333333333333,-0.919370701734,4333.12788947
Neutral_jobs/omegacsd_YOSMOI,10,0.0718335940882,0.236363636364,1.34747085642,3430.41267023
Neutral_jobs/omegacsd_YOWVOV,10,0.907407536276,-0.939393939394,-1.14260839607,5247.07839204
Neutral_jobs/omegacsd_YOWYAK,10,0.734126460318,-0.624242424242,-3.25562926147,3658.79135828
Neutral_jobs/omegacsd_YOXDEU,10,0.931646276779,-0.721212121212,-0.572889180011,4912.14031926
Neutral_jobs/omegacsd_YUKKUK,10,0.0063421446168,-0.0545454545455,0.607290801574,4694.44670231
Neutral_jobs/omegacsd_YUKNAT,10,0.860806625796,-0.915151515152,-1.96557820047,4877.52151369
Neutral_jobs/omegacsd_YULXIM,10,0.577132766387,-0.757575757576,-13.7299028774,2679.06272346
Neutral_jobs/omegacsd_YULZOU,10,0.864005784971,-0.793939393939,-0.922702160995,4317.51338195
Neutral_jobs/omegacsd_YUYJEH,10,0.843135569905,-0.939393939394,-1.44051849492,4335.40451716
Neutral_jobs/omegapdb_1b6l,10,0.159884471522,-0.406060606061,-0.34747694081,8561.16586702
Neutral_jobs/omegapdb_1bhx,10,0.482801923694,-0.733333333333,-0.59381225151,6061.74798679
Neutral_jobs/omegapdb_1bto,10,0.0875862522076,-0.284848484848,-0.340530033759,2466.67350313
Neutral_jobs/omegapdb_1c1u,10,0.765997984581,-0.381818181818,-7.57808875952,5111.53583089
Neutral_jobs/omegapdb_1d09,10,0.473785987479,-0.478787878788,-4.1010069631,970.245736219
Neutral_jobs/omegapdb_1d3g,10,0.053251372363,0.418181818182,3.7101213313,5464.2555821
Neutral_jobs/omegapdb_1d3h,10,0.142526684179,0.29696969697,1.41133555612,3671.48528686
Neutral_jobs/omegapdb_1d4i,10,0.893419923968,-0.818181818182,-1.09846252346,9641.25362329
Neutral_jobs/omegapdb_1d4l,10,0.678256954757,-0.915151515152,-0.95851559463,8689.3033666
Neutral_jobs/omegapdb_1d8d,10,0.698607900818,-0.781818181818,-1.78429761087,4952.15022275
Neutral_jobs/omegapdb_1dfo,10,0.758241965064,-0.878787878788,-1.32679318211,3217.58995731
Neutral_jobs/omegapdb_1e2m,10,0.00582712084156,-0.175757575758,0.0134852653706,2669.04167341
Neutral_jobs/omegapdb_1eby,10,0.826166649941,-0.951515151515,-1.19620405361,9670.25258503
Neutral_jobs/omegapdb_1ec0,10,0.586965114558,-0.769696969697,-1.23003789872,9571.0927401
Neutral_jobs/omegapdb_1exa,10,0.690695581477,-0.769696969697,-2.17182146966,5697.04909846
Neutral_jobs/omegapdb_1ezf,10,0.605824473267,-0.806060606061,-1.13914542389,7746.19726833
Neutral_jobs/omegapdb_1f06,10,0.151476424476,-0.0787878787879,0.69330793031,2824.43974399
Neutral_jobs/omegapdb_1f8b,10,0.157323248805,0.454545454545,0.507655118775,4037.55184308
Neutral_jobs/omegapdb_1fm9,10,0.704745678528,-0.733333333333,-0.602610409217,8326.12927608
Neutral_jobs/omegapdb_1g2k,10,0.56821839376,-0.636363636364,-1.08501083483,8909.08631639
Neutral_jobs/omegapdb_1g6c,10,0.0130734912742,-0.478787878788,-0.262568028398,2267.20323423
Neutral_jobs/omegapdb_1gja,10,0.252558510786,-0.563636363636,-3.63330136475,3641.95795821
Neutral_jobs/omegapdb_1gjd,10,0.745756145131,-0.757575757576,-4.99697680471,3850.01281149
Neutral_jobs/omegapdb_1gs5,10,0.47428905511,-0.527272727273,-0.997885373316,2294.23668586
Neutral_jobs/omegapdb_1gse,10,0.444999597477,-0.466666666667,-0.363224477095,3713.73390481
Neutral_jobs/omegapdb_1gz8,10,0.604675394338,-0.769696969697,-3.03369360001,3206.37147131
Neutral_jobs/omegapdb_1h1p,10,0.629920399739,-0.781818181818,-2.59758282289,3777.43488727
Neutral_jobs/omegapdb_1h1s,10,0.52331680884,-0.636363636364,-1.50425289769,5357.19005218
Neutral_jobs/omegapdb_1h2k,10,0.0118332062528,0.030303030303,-0.945347136258,1445.64163337
Neutral_jobs/omegapdb_1h6h,10,0.871156857861,-0.927272727273,-1.81266229337,5177.86562008
Neutral_jobs/omegapdb_1hwk,10,0.723717848752,-0.915151515152,-0.840994405525,8438.66200371
Neutral_jobs/omegapdb_1hyo,10,0.0298543893215,-0.0666666666667,0.158589155903,2075.33759842
Neutral_jobs/omegapdb_1ik4,10,0.607840872143,-0.757575757576,-2.02746264484,905.589987826
Neutral_jobs/omegapdb_1is0,10,0.250314456518,-0.527272727273,-2.50688344562,3027.32262143
Neutral_jobs/omegapdb_1iy7,10,0.41198094482,-0.345454545455,-10.9782079202,1270.24197589
Neutral_jobs/omegapdb_1j3f,10,0.258083935955,-0.393939393939,-0.989366023832,5402.93910184
Neutral_jobs/omegapdb_1jsl,10,0.758228291199,-0.551515151515,-1.32771171718,2056.29408286
Neutral_jobs/omegapdb_1k2t,10,0.957946178612,-0.733333333333,-2.03959387946,2610.56787503
Neutral_jobs/omegapdb_1k2u,10,0.739625239181,-0.781818181818,-2.07604140348,2625.21759738
Neutral_jobs/omegapdb_1koj,10,0.853523204338,-0.915151515152,-1.9660590236,1835.4227646
Neutral_jobs/omegapdb_1kz8,10,0.00218660525365,-0.127272727273,-0.0328778152921,5894.51047365
Neutral_jobs/omegapdb_1l7g,10,0.596642658088,-0.709090909091,-0.800183445648,5015.3247561
Neutral_jobs/omegapdb_1lww,1,0.0,nan,nan,nan
Neutral_jobs/omegapdb_1m2x,10,0.764392744342,-0.951515151515,-3.39343965027,2462.25028497
Neutral_jobs/omegapdb_1m5b,10,0.716180524439,-0.866666666667,-8.17277675094,2719.35628052
Neutral_jobs/omegapdb_1m5d,10,0.992977602315,-0.830303030303,-1.53545870335,1924.5981496
Neutral_jobs/omegapdb_1m5f,10,0.860759337109,0.139393939394,-1.2438497734,2504.16608015
Neutral_jobs/omegapdb_1n3z,10,0.978375333594,-0.806060606061,-4.88332050624,2894.04167601
Neutral_jobs/omegapdb_1nms,10,0.666394099098,-0.818181818182,-0.691655926238,5599.34568561
Neutral_jobs/omegapdb_1nqu,10,0.207967576996,-0.648484848485,-0.963181253141,3727.98237498
Neutral_jobs/omegapdb_1nqv,10,0.235485338485,-0.563636363636,-0.74805309375,3344.78464969
Neutral_jobs/omegapdb_1o2y,10,0.00184745085531,0.0909090909091,-0.172598990301,4982.40379159
Neutral_jobs/omegapdb_1ofd,10,0.389908918228,-0.565352155622,-1.63377426257,1392.29992118
Neutral_jobs/omegapdb_1oiu,10,0.602333689377,-0.672727272727,-1.86067440455,5337.68527887
Neutral_jobs/omegapdb_1oks,10,0.819233677624,-0.878787878788,-3.62557414198,2296.03854064
Neutral_jobs/omegapdb_1p1o,10,0.130106696955,-0.0787878787879,-0.637760308692,2019.6345958
Neutral_jobs/omegapdb_1pck,10,0.342642146555,-0.745454545455,-2.17702516609,1216.26448749
Neutral_jobs/omegapdb_1q72,10,0.375296593903,-0.733333333333,-1.08731575219,4568.90855067
Neutral_jobs/omegapdb_1q91,10,0.287150056416,-0.527272727273,-2.85556780097,4164.40045436
Neutral_jobs/omegapdb_1qin,10,0.836512635168,-0.878787878788,-0.831963841987,5424.16743792
Neutral_jobs/omegapdb_1qnf,10,0.362692400658,-0.721212121212,-0.850468733225,4630.67799775
Neutral_jobs/omegapdb_1qxw,10,0.617618846639,0.224242424242,3.99701409213,3884.98886525
Neutral_jobs/omegapdb_1qy5,10,0.789419541435,-0.636363636364,-1.02487212726,3994.29144106
Neutral_jobs/omegapdb_1r34,10,0.118133091251,-0.430303030303,-0.706935895884,4191.00816564
Neutral_jobs/omegapdb_1r6w,10,0.394308776431,-0.430303030303,-1.39464443617,2886.89323955
Neutral_jobs/omegapdb_1ros,10,0.707526150147,-0.624242424242,-0.923816891285,6902.56105778
Neutral_jobs/omegapdb_1s63,10,0.000251986557415,-0.236363636364,0.0237701407704,5645.4965074
Neutral_jobs/omegapdb_1s8j,10,0.46556813904,-0.587878787879,-5.47606420425,5227.12907065
Neutral_jobs/omegapdb_1sa4,10,0.861825966295,-0.515151515152,-0.450486857782,6601.19442059
Neutral_jobs/omegapdb_1sn5,10,0.174332668087,-0.515151515152,-0.95774825961,3800.96506697
Neutral_jobs/omegapdb_1syh,10,0.901504904996,-0.90303030303,-3.32206041489,2728.65102965
Neutral_jobs/omegapdb_1t32,10,0.759900116206,-0.769696969697,-0.878703256487,9766.87309757
Neutral_jobs/omegapdb_1toj,10,0.36031023565,-0.612121212121,-2.00582137692,2205.85102035
Neutral_jobs/omegapdb_1uf5,10,0.217664927078,-0.418181818182,-2.94064205833,1955.65572784
Neutral_jobs/omegapdb_1uf7,10,0.0173686402069,0.0787878787879,1.32760157531,2539.99372544
Neutral_jobs/omegapdb_1uf8,10,0.900753616808,-0.684848484848,-3.70680046314,2564.82838536
Neutral_jobs/omegapdb_1ur8,10,0.174427452931,-0.284848484848,-0.59535693655,2774.41901789
Neutral_jobs/omegapdb_1urw,10,0.837027685007,-0.418181818182,-2.96694692114,6324.96891975
Neutral_jobs/omegapdb_1utt,10,0.59006115735,-0.90303030303,-10.859750307,3877.54545551
Neutral_jobs/omegapdb_1uu9,10,0.584714807907,-0.684848484848,-1.31589020741,5838.31377101
Neutral_jobs/omegapdb_1uwc,10,0.293703343152,0.6,19.5899256589,5347.90456502
Neutral_jobs/omegapdb_1uy8,10,0.919134964714,-0.515151515152,-0.951234781387,4880.45254078
Neutral_jobs/omegapdb_1v2k,10,0.127285869573,-0.175757575758,-0.755797681635,6687.75730795
Neutral_jobs/omegapdb_1v2n,10,0.530324308898,-0.793939393939,-2.84548766231,6213.97389327
Neutral_jobs/omegapdb_1v97,10,0.080110493308,0.00606060606061,-3.74575287104,3912.63777129
Neutral_jobs/omegapdb_1w1q,10,0.00868655479938,-0.0545454545455,-0.483600621235,3080.15766022
Neutral_jobs/omegapdb_1w5v,10,0.893003470634,-0.890909090909,-1.28566876404,9548.30548798
Neutral_jobs/omegapdb_1w7x,10,0.193850780817,-0.381818181818,-0.714592413762,8018.40581403
Neutral_jobs/omegapdb_1w9u,10,0.739226811636,0.757575757576,0.309097154593,2167.94276902
Neutral_jobs/omegapdb_1wvj,10,0.954351932616,0.333333333333,1.27262668355,3487.01454018
Neutral_jobs/omegapdb_1xap,10,0.0218444553906,0.248484848485,3.39674994549,6320.90707523
Neutral_jobs/omegapdb_1xge,10,0.881238041891,-0.757575757576,-3.15051656042,1343.95624772
Neutral_jobs/omegapdb_1xn0,10,0.924905328987,0.69696969697,1.5370622524,4612.45553664
Neutral_jobs/omegapdb_1xom,10,0.380698185188,0.442424242424,0.716980090155,5568.69389481
Neutral_jobs/omegapdb_1xon,10,0.309971237214,-0.50303030303,-0.307160427495,4734.59901507
Neutral_jobs/omegapdb_1xp0,10,0.411281584214,-0.381818181818,-1.2349699163,6860.23921651
Neutral_jobs/omegapdb_1xqc,10,0.149120875022,0.418181818182,0.776678614741,7383.19829383
Neutral_jobs/omegapdb_1y6q,10,0.890831275562,-0.963636363636,-1.45253643929,4094.62159939
Neutral_jobs/omegapdb_1yc1,10,0.398785779553,-0.187878787879,-3.64719880313,4450.41391459
Neutral_jobs/omegapdb_1yc4,10,0.013928312916,-0.030303030303,0.893090611472,3883.43443058
Neutral_jobs/omegapdb_1yc5,6,0.00343216564023,-0.0285714285714,0.139539265518,1716.52078876
Neutral_jobs/omegapdb_1yvx,10,0.189547402639,0.418181818182,1.58010723816,5660.35499641
Neutral_jobs/omegapdb_1z1r,1,0.0,nan,nan,nan
Neutral_jobs/omegapdb_1zvx,10,0.0517904306617,-0.175757575758,-0.71624464933,4894.10466484
Neutral_jobs/omegapdb_1zz2,10,0.737941772965,-0.854545454545,-1.11790676454,6349.76005484
Neutral_jobs/omegapdb_2aw1,10,0.585567953596,0.842424242424,1.80955422115,4130.28886318
Neutral_jobs/omegapdb_2ayr,10,0.42084195206,-0.636363636364,-1.04763028465,7518.7736055
Neutral_jobs/omegapdb_2b7d,10,0.235779135001,-0.345454545455,-0.763984281963,7181.58819617
Neutral_jobs/omegapdb_2bgd,10,0.892634106929,-0.0545454545455,-1.58749923776,3882.41435899
Neutral_jobs/omegapdb_2brc,10,0.13546065552,-0.272727272727,-0.216732142612,5236.77827181
Neutral_jobs/omegapdb_2btr,10,0.000578187846877,0.030303030303,-0.145890244371,3626.90911194
Neutral_jobs/omegapdb_2bts,10,0.19201616496,-0.478787878788,-2.88307112713,3471.69921162
Neutral_jobs/omegapdb_2byh,10,0.987043918702,-0.684848484848,-1.48921036965,4568.53656253
Neutral_jobs/omegapdb_2byi,10,0.65893942053,-0.793939393939,-1.07199502888,4671.62991753
Neutral_jobs/omegapdb_2c4w,10,0.237285466403,0.0909090909091,1.91201460758,3903.75004582
Neutral_jobs/omegapdb_2cbs,10,0.110930663999,-0.406060606061,-4.3788944614,5591.60884411
Neutral_jobs/omegapdb_2cji,10,0.0474248932508,0.430303030303,0.282567862506,6027.81780953
Neutral_jobs/omegapdb_2evc,10,0.443566177227,0.284848484848,-0.6813103647,2853.96321271
Neutral_jobs/omegapdb_2ewb,10,0.309150233282,-0.90303030303,-0.741973434333,4201.21193282
Neutral_jobs/omegapdb_2f14,10,0.592228421244,-0.757575757576,-0.79366567273,7353.38390095
Neutral_jobs/omegapdb_2f34,10,0.0435898718516,0.575757575758,0.268535491319,4425.16353191
Neutral_jobs/omegapdb_2f4j,10,0.120086124756,0.151515151515,1.47943956306,6566.33305549
Neutral_jobs/omegapdb_2f6v,10,0.166231224121,-0.406060606061,-0.579116487742,5394.99620488
Neutral_jobs/omegapdb_2f70,10,0.704051881226,-0.806060606061,-1.04924958637,4697.56501289
Neutral_jobs/omegapdb_2f71,10,0.392604346655,0.551515151515,2.32051952567,4613.3565806
Neutral_jobs/omegapdb_2f7p,10,0.372058505256,-0.490909090909,-0.588164965859,3490.8891934
Neutral_jobs/omegapdb_2flb,10,0.0501030218292,-0.284848484848,0.513892340975,4447.41336755
Neutral_jobs/omegapdb_2fqt,10,0.67100304692,-0.69696969697,-1.23011378251,2925.74454303
Neutral_jobs/omegapdb_2fwz,10,0.487115192564,-0.478787878788,-0.706584292468,5311.86252989
Neutral_jobs/omegapdb_2fyv,10,0.680948447974,-0.818181818182,-1.80562961046,3444.74593577
Neutral_jobs/omegapdb_2g8n,10,0.0449121446706,-0.551515151515,-0.333620173615,4313.511989
Neutral_jobs/omegapdb_2ggd,10,0.792375363454,-0.2,-0.810177627279,2471.3094812
Neutral_jobs/omegapdb_2gss,10,0.0739130368589,0.127272727273,1.4394983962,3636.50753566
Neutral_jobs/omegapdb_2h03,10,0.757304315749,-0.175757575758,-1.09112243631,6318.91285777
Neutral_jobs/omegapdb_2h42,10,0.53611791234,-0.0909090909091,-1.69416142772,6530.30808391
Neutral_jobs/omegapdb_2hb1,10,0.0579044296254,0.0181818181818,1.01423078439,2277.2743884
Neutral_jobs/omegapdb_2hd6,10,0.13443615944,-0.309090909091,-2.96904978384,3341.4001522
Neutral_jobs/omegapdb_2i0a,10,0.412512610828,-0.587878787879,-0.97307832348,8951.41023381
Neutral_jobs/omegapdb_2iko,10,0.718612889744,-0.818181818182,-0.812184669792,5098.72857239
Neutral_jobs/omegapdb_2iuz,10,0.996625899101,-0.842424242424,-0.955706205232,5110.18201585
Neutral_jobs/omegapdb_2izl,10,0.0256271657104,-0.466666666667,-0.200610449489,3354.51219566
Neutral_jobs/omegapdb_2j34,10,0.108273550286,-0.139393939394,-0.22065516634,5518.3294042
Neutral_jobs/omegapdb_2j4i,10,0.78605173797,-0.806060606061,-0.918818776764,6769.39377887
Neutral_jobs/omegapdb_3cbs,10,0.0942001570002,0.163636363636,2.68509360986,5143.98312041
Neutral_jobs/omegapdb_6prc,10,0.131544085047,-0.357575757576,-2.37943277912,1886.3815417
